{
    "birthCount": [
        0,
        0,
        0,
        0,
        0,
        0,
        0,
        0,
        0,
        0,
        0,
        0,
        0,
        0,
        0,
        0,
        1,
        2,
        3,
        2,
        0,
        1,
        0,
        0,
        0,
        0,
        0,
        0,
        2,
        0,
        0,
        1,
        1,
        2,
        0,
        0,
        0,
        2,
        4,
        0,
        0,
        2,
        0,
        0,
        1,
        0,
        2,
        0,
        0,
        1,
        0,
        0,
        1,
        0,
        1,
        1,
        0,
        0,
        0,
        1,
        2,
        1,
        0,
        1,
        0,
        0,
        1,
        0,
        0,
        1,
        3,
        0
    ],
    "computeCost": 3.330666666666667e-05,
    "creatureCount": [
        25,
        25,
        25,
        25,
        25,
        25,
        25,
        25,
        25,
        25,
        25,
        25,
        25,
        25,
        25,
        25,
        25.285714285714285,
        27.714285714285715,
        30,
        32.57142857142857,
        33,
        33.285714285714285,
        34,
        34,
        34,
        34,
        34,
        34,
        35.285714285714285,
        36,
        36,
        36.42857142857143,
        37.714285714285715,
        38.285714285714285,
        40,
        39.857142857142854,
        39,
        40.42857142857143,
        44,
        45,
        44.285714285714285,
        45.42857142857143,
        46,
        46,
        46.42857142857143,
        47,
        47.857142857142854,
        49,
        48.857142857142854,
        48.57142857142857,
        49,
        49,
        49.285714285714285,
        50,
        50.714285714285715,
        51.142857142857146,
        52,
        52,
        52,
        52.142857142857146,
        54.714285714285715,
        55.42857142857143,
        55.285714285714285,
        55.42857142857143,
        56,
        56,
        56,
        56,
        55.714285714285715,
        55.714285714285715,
        56.42857142857143,
        56
    ],
    "datetime": "2026-01-14T06:47:06Z",
    "deathCount": [
        0,
        0,
        0,
        0,
        0,
        0,
        0,
        0,
        0,
        0,
        0,
        0,
        0,
        0,
        0,
        0,
        0,
        0,
        0,
        0,
        0,
        0,
        0,
        0,
        0,
        0,
        0,
        0,
        0,
        0,
        0,
        0,
        0,
        0,
        0,
        1,
        0,
        0,
        0,
        0,
        1,
        0,
        0,
        0,
        0,
        0,
        0,
        0,
        1,
        0,
        0,
        0,
        0,
        0,
        0,
        0,
        0,
        0,
        0,
        0,
        0,
        0,
        1,
        0,
        0,
        0,
        1,
        0,
        1,
        1,
        2,
        0
    ],
    "deathTypeCount": {
        "age": 0,
        "hunger": 9,
        "predation": 0
    },
    "duration": 1.249,
    "foodCount": [
        3.142857142857143,
        8,
        14,
        18.428571428571427,
        23,
        24.428571428571427,
        25.857142857142858,
        26.285714285714285,
        28,
        32.285714285714285,
        32.57142857142857,
        33.57142857142857,
        37.285714285714285,
        39.857142857142854,
        43.42857142857143,
        47.857142857142854,
        52.714285714285715,
        55.42857142857143,
        58,
        60.285714285714285,
        63.714285714285715,
        66.14285714285714,
        69,
        69.57142857142857,
        73.71428571428571,
        73.57142857142857,
        75.71428571428571,
        77.57142857142857,
        80.85714285714286,
        82.85714285714286,
        83.57142857142857,
        84.85714285714286,
        85.28571428571429,
        86.42857142857143,
        85,
        82.28571428571429,
        83,
        81.85714285714286,
        83.42857142857143,
        84.57142857142857,
        81.14285714285714,
        80.14285714285714,
        82.57142857142857,
        85.57142857142857,
        86.28571428571429,
        89.57142857142857,
        94.85714285714286,
        97,
        95.28571428571429,
        93,
        91.71428571428571,
        91.71428571428571,
        89.42857142857143,
        91.42857142857143,
        92,
        91,
        89,
        90.71428571428571,
        89.57142857142857,
        86.14285714285714,
        84.14285714285714,
        82.28571428571429,
        80,
        79.42857142857143,
        75.57142857142857,
        76,
        69.85714285714286,
        68.42857142857143,
        65.85714285714286,
        67.14285714285714,
        67.71428571428571,
        70
    ],
    "nodeType": "local",
    "resultSize": 0.00321197509765625,
    "species": [
        {
            "births": [
                0,
                0,
                0,
                0,
                0,
                0,
                0,
                0,
                0,
                0,
                0,
                0,
                0,
                0,
                0,
                0,
                1,
                2,
                3,
                2,
                0,
                1,
                0,
                0,
                0,
                0,
                0,
                0,
                2,
                0,
                0,
                1,
                1,
                2,
                0,
                0,
                0,
                2,
                4,
                0,
                0,
                2,
                0,
                0,
                1,
                0,
                2,
                0,
                0,
                1,
                0,
                0,
                1,
                0,
                1,
                1,
                0,
                0,
                0,
                1,
                2,
                1,
                0,
                1,
                0,
                0,
                1,
                0,
                0,
                1,
                3,
                0
            ],
            "colorB": 55,
            "colorG": 255,
            "colorR": 155,