{
    "birthCount": [
        0,
        7,
        4,
        6,
        9,
        5,
        5,
        7,
        5,
        4,
        8,
        8,
        6,
        2,
        4,
        5,
        1,
        7,
        5,
        1,
        3,
        1,
        7,
        2,
        5,
        5,
        1,
        4,
        3,
        4,
        7,
        2,
        6,
        7,
        3,
        5,
        6,
        7,
        3,
        6,
        6,
        3,
        11,
        5,
        9,
        6,
        4,
        6,
        6,
        7,
        4,
        5,
        5,
        6,
        5,
        3,
        1,
        5,
        2,
        6,
        6,
        5,
        3,
        7,
        6,
        6,
        6,
        7,
        3,
        5,
        9,
        3,
        6,
        8,
        3,
        7,
        3,
        8,
        8,
        3
    ],
    "computeCost": 0.00036536,
    "creatureCount": [
        25,
        27.102941176470587,
        34.294117647058826,
        38.11764705882353,
        45.26470588235294,
        49.11764705882353,
        51.088235294117645,
        54.911764705882355,
        59.5,
        58.73529411764706,
        61.220588235294116,
        64.30882352941177,
        67.79411764705883,
        53.5,
        51.30882352941177,
        49.36764705882353,
        50.10294117647059,
        47.911764705882355,
        49.05882352941177,
        45.279411764705884,
        42.588235294117645,
        36.75,
        37.64705882352941,
        36.044117647058826,
        33.61764705882353,
        32.01470588235294,
        32.411764705882355,
        33.3235294117647,
        33.61764705882353,
        33.720588235294116,
        37.55882352941177,
        37.705882352941174,
        38.14705882352941,
        43.69117647058823,
        44.1764705882353,
        42.36764705882353,
        44.60294117647059,
        46.5,
        46.5,
        44.4264705882353,
        46.544117647058826,
        47.220588235294116,
        49.720588235294116,
        49.35294117647059,
        52.05882352941177,
        52.044117647058826,
        49.720588235294116,
        49.51470588235294,
        52.11764705882353,
        50.26470588235294,
        47.73529411764706,
        48.55882352941177,
        48.11764705882353,
        47.55882352941177,
        46.029411764705884,
        43.955882352941174,
        43.279411764705884,
        39.30882352941177,
        36.80882352941177,
        37.5735294117647,
        41.720588235294116,
        43.25,
        44,
        44.1764705882353,
        45.1764705882353,
        46.279411764705884,
        46.544117647058826,
        45.705882352941174,
        46.029411764705884,
        44.55882352941177,
        45.69117647058823,
        48.25,
        47.661764705882355,
        46.98529411764706,
        48.05882352941177,
        46.161764705882355,
        42.955882352941174,
        43.4264705882353,
        45.588235294117645,
        49.892857142857146
    ],
    "datetime": "2026-01-15T08:01:19Z",
    "deathCount": [
        0,
        0,
        0,
        1,
        2,
        2,
        3,
        2,
        5,
        3,
        4,
        3,
        14,
        9,
        7,
        4,
        4,
        8,
        4,
        4,
        10,
        3,
        5,
        6,
        7,
        3,
        3,
        2,
        3,
        2,
        5,
        2,
        3,
        4,
        4,
        6,
        4,
        2,
        7,
        6,
        4,
        3,
        8,
        4,
        9,
        6,
        6,
        4,
        6,
        9,
        6,
        4,
        4,
        8,
        6,
        5,
        3,
        8,
        5,
        1,
        5,
        3,
        3,
        6,
        6,
        5,
        7,
        5,
        6,
        3,
        7,
        3,
        7,
        6,
        7,
        6,
        8,
        4,
        4,
        2
    ],
    "deathTypeCount": {
        "age": 119,
        "hunger": 259,
        "predation": 0
    },
    "duration": 13.701,
    "foodCount": [
        15.294117647058824,
        38.48529411764706,
        58.30882352941177,
        67.1029411764706,
        74.70588235294117,
        74.79411764705883,
        69.36764705882354,
        57.38235294117647,
        59.088235294117645,
        60.661764705882355,
        51.220588235294116,
        42.88235294117647,
        40.30882352941177,
        39.51470588235294,
        37.51470588235294,
        38.14705882352941,
        41.11764705882353,
        38.5,
        34.25,
        41.411764705882355,
        47,
        46.470588235294116,
        58.6764705882353,
        71.3970588235294,
        72.55882352941177,
        77.26470588235294,
        89.08823529411765,
        88.42647058823529,
        87.36764705882354,
        87.70588235294117,
        91.95588235294117,
        89.45588235294117,
        82.22058823529412,
        80.76470588235294,
        69.6470588235294,
        67.63235294117646,
        63.13235294117647,
        58.94117647058823,
        55.48529411764706,
        53.69117647058823,
        56.338235294117645,
        55.705882352941174,
        48.044117647058826,
        49.720588235294116,
        48.0735294117647,
        49.029411764705884,
        42.338235294117645,
        42.544117647058826,
        40.9264705882353,
        34.029411764705884,
        40.98529411764706,
        43.63235294117647,
        48.36764705882353,
        51.86764705882353,
        56.98529411764706,
        56.544117647058826,
        58.088235294117645,
        58.279411764705884,
        60,
        67.72058823529412,
        65.61764705882354,
        64.17647058823529,
        60.044117647058826,
        53.36764705882353,
        60.44117647058823,
        54.39705882352941,
        55.39705882352941,
        54.470588235294116,
        52.88235294117647,
        55.38235294117647,
        45.779411764705884,
        47.0735294117647,
        47.36764705882353,
        50.69117647058823,
        60.838235294117645,
        62.794117647058826,
        55.838235294117645,
        57.38235294117647,
        60.294117647058826,
        56.25
    ],
    "nodeType": "local",
    "resultSize": 0.004918098449707031,
    "species": [
        {
            "births": [
                0,
                7,
                4,
                6,
                9,
                5,
                5,
                7,
                5,
                4,
                8,
                8,
                6,
                2,
                4,
                5,
                1,
                7,
                5,
                1,
                3,
                1,
                7,
                2,
                5,
                5,
                1,
                4,
                3,
                4,
                7,
                2,
                6,
                7,
                3,
                5,
                6,
                7,
                3,
                6,
                6,
                3,
                11,
                5,
                9,
                6,
                4,
                6,
                6,
                7,
                4,
                5,
                5,
                6,
                5,
                3,
                1,
                5,
                2,
                6,
                6,
                5,
                3,
                7,
                6,
                6,
                6,
                7,
                3,
                5,
                9,
                3,
                6,
                8,
                3,
                7,
                3,
                8,
                8,
                3
            ],
            "colorB": 55,
            "colorG": 255,
            "colorR": 155,